AanI,TTATAA
Acc36I,ACCTGC
AccB7I,CCANNNNNTGG
AclWI,GGATC
AcsI,RAATTY
AcuI,CTGAAG
AflII,CTTAAG
AflIII,ACRYGT
AgeI,ACCGGT
AgsI,TTSAA
AhdI,GACNNNNNGTC
AhlI,ACTAGT
AjnI,CCWGG
AjuI,GAANNNNNNNTTGG
AluBI,AGCT
Alw21I,GWGCWC
AlwNI,CAGNNNCTG
Ama87I,CYCGRG
AseI,ATTAAT
Asp700I,GAANNNNTTC
AspA2I,CCTAGG
AsuHPI,GGTGA
AsuII,TTCGAA
AxyI,CCTNAGG
BaeGI,GKGCMC
BalI,TGGCCA
BamHI,GGATCC
BanII,GRGCYC
BauI,CACGAG
BbsI,GAAGAC
BbvI,GCAGC
BccI,CCATC
BciT130I,CCWGG
BciVI,GTATCC
BclI,TGATCA
BfaI,CTAG
BfmI,CTRYAG
BfuCI,GATC
BglII,AGATCT
BlpI,GCTNAGC
BmcAI,AGTACT
BmrI,ACTGGG
BmtI,GCTAGC
BplI,GAGNNNNNCTC
BpmI,CTGGAG
Bpu10I,CCTNAGC
BpuEI,CTTGAG
BsaJI,CCNNGG
BsaWI,WCCGGW
BsaXI,ACNNNNNCTCC
Bse118I,RCCGGY
Bse1I,ACTGG
Bse3DI,GCAATG
BseGI,GGATG
BseMII,CTCAG
BseRI,GAGGAG
BsgI,GTGCAG
BshFI,GGCC
BsiSI,CCGG
BsmI,GAATGC
Bsp1286I,GDGCHC
Bsp1407I,TGTACA
Bsp19I,CCATGG
BspCNI,CTCAG
BspHI,TCATGA
BspMAI,CTGCAG
BspQI,GCTCTTC
BssT1I,CCWWGG
Bst6I,CTCTTC
BstDEI,CTNAG
BstDSI,CCRYGG
BstEII,GGTNACC
BstENI,CCTNNNNNAGG
BstKTI,GATC
BstNSI,RCATGY
BstX2I,RGATCY
BstXI,CCANNNNNNTGG
BtsI,GCAGTG
BtsIMutI,CAGTG
CsiI,ACCWGGT
Csp6I,GTAC
CspCI,CAANNNNNGTGG
CviAII,CATG
DraI,TTTAAA
Eco147I,AGGCCT
Eco32I,GATATC
EcoO109I,RGGNCCY
EcoT22I,ATGCAT
FaeI,CATG
FalI,AAGNNNNNCTT
FatI,CATG
FauNDI,CATATG
FokI,GGATG
HindIII,AAGCTT
Hpy188I,TCNGA
HpyCH4V,TGCA
KpnI,GGTACC
MaeIII,GTNAC
MboII,GAAGA
MfeI,CAATTG
MluCI,AATT
MlyI,GAGTC
MnlI,CCTC
MseI,TTAA
MslI,CAYNNNNRTG
MssI,GTTTAAAC
NmeAIII,GCCGAG
PacI,TTAATTAA
PaeI,GCATGC
PaeR7I,CTCGAG
PasI,CCCWGGG
PciI,ACATGT
PflFI,GACNNNGTC
PpuMI,RGGWCCY
Psp124BI,GAGCTC
PvuII,CAGCTG
SbfI,CCTGCAGG
SmiI,ATTTAAAT
SmlI,CTYRAG
SspI,AATATT
TaqI,TCGA
TatI,WGTACW
Tru9I,TTAA
TscAI,CASTG
Tsp45I,GTSAC
TspDTI,ATGAA
XbaI,TCTAGA
XcmI,CCANNNNNNNNNTGG
